{"cameraMode":{"drawMode":0,"name":"Shaded","section":"Shading Mode"},"sceneLighting":true,"audioPlay":false,"sceneViewState":{"m_AlwaysRefresh":false,"showFog":true,"showSkybox":true,"showFlares":true,"showImageEffects":true,"showParticleSystems":true,"showVisualEffectGraphs":true,"m_FxEnabled":false},"in2DMode":false,"pivot":{"x":-9.489787101745606,"y":1.9295001029968262,"z":14.120012283325196},"rotation":{"x":0.27349013090133669,"y":-0.3061785399913788,"z":0.09231071919202805,"w":0.9071775674819946},"size":2.4870429039001467,"orthographic":false}